Fecha,Remesas_Millones_USD,Remesas_Lag1,Remesas_Lag2,Remesas_Lag3,Remesas_Lag12,Desempleo_Hispano_US,Desempleo_General_US,Salario_Promedio_US,Inflacion_CPI_US,PIB_US,Inflacion_ES,PIB_ES,Deportaciones_Total,Dummy_Crisis,Dummy_Covid
1991-01-01,63.1,,,,,9.1,6.4,10.37,134.7,6035.178,14.4026748806266,5252342400.0,,0,0
1991-02-01,58.4,63.1,,,,9.2,6.6,10.39,134.8,6035.178,14.4026748806266,5252342400.0,,0,0
1991-03-01,67.6,58.4,63.1,,,9.8,6.8,10.41,134.8,6035.178,14.4026748806266,5252342400.0,,0,0
1991-04-01,77.8,67.6,58.4,63.1,,9.8,6.7,10.46,135.1,6126.862,14.4026748806266,5252342400.0,,0,0
1991-05-01,77.4,77.8,67.6,58.4,,10.0,6.9,10.5,135.6,6126.862,14.4026748806266,5252342400.0,,0,0
1991-06-01,67.8,77.4,77.8,67.6,,10.1,6.9,10.51,136.0,6126.862,14.4026748806266,5252342400.0,,0,0
1991-07-01,70.0,67.8,77.4,77.8,,9.6,6.8,10.54,136.2,6205.937,14.4026748806266,5252342400.0,,0,0
1991-08-01,53.5,70.0,67.8,77.4,,10.5,6.9,10.56,136.6,6205.937,14.4026748806266,5252342400.0,,0,0
1991-09-01,53.1,53.5,70.0,67.8,,10.9,6.9,10.58,137.0,6205.937,14.4026748806266,5252342400.0,,0,0
1991-10-01,64.0,53.1,53.5,70.0,,10.7,7.0,10.59,137.2,6264.54,14.4026748806266,5252342400.0,,0,0
1991-11-01,64.3,64.0,53.1,53.5,,10.4,7.0,10.61,137.8,6264.54,14.4026748806266,5252342400.0,,0,0
1991-12-01,73.1,64.3,64.0,53.1,,10.2,7.3,10.64,138.2,6264.54,14.4026748806266,5252342400.0,,0,0
1992-01-01,65.0,73.1,64.3,64.0,63.1,11.0,7.3,10.64,138.3,6363.102,11.2144813801987,5813399300.0,1962.0,0,0
1992-02-01,66.0,65.0,73.1,64.3,58.4,11.3,7.4,10.66,138.6,6363.102,11.2144813801987,5813399300.0,1974.9166666666667,0,0
1992-03-01,75.6,66.0,65.0,73.1,67.6,11.2,7.4,10.68,139.1,6363.102,11.2144813801987,5813399300.0,1987.8333333333333,0,0
1992-04-01,74.5,75.6,66.0,65.0,77.8,11.0,7.4,10.72,139.4,6470.763,11.2144813801987,5813399300.0,2000.75,0,0
1992-05-01,76.3,74.5,75.6,66.0,77.4,11.7,7.6,10.74,139.7,6470.763,11.2144813801987,5813399300.0,2013.6666666666667,0,0
1992-06-01,75.6,76.3,74.5,75.6,67.8,12.1,7.8,10.77,140.1,6470.763,11.2144813801987,5813399300.0,2026.5833333333333,0,0
1992-07-01,77.7,75.6,76.3,74.5,70.0,11.7,7.7,10.78,140.5,6566.641,11.2144813801987,5813399300.0,2039.5,0,0
1992-08-01,62.0,77.7,75.6,76.3,53.5,11.7,7.6,10.81,140.8,6566.641,11.2144813801987,5813399300.0,2052.4166666666665,0,0
1992-09-01,60.3,62.0,77.7,75.6,53.1,11.8,7.6,10.83,141.1,6566.641,11.2144813801987,5813399300.0,2065.3333333333335,0,0
1992-10-01,65.5,60.3,62.0,77.7,64.0,11.8,7.3,10.85,141.7,6680.803,11.2144813801987,5813399300.0,2078.25,0,0
1992-11-01,70.5,65.5,60.3,62.0,64.3,12.0,7.4,10.86,142.1,6680.803,11.2144813801987,5813399300.0,2091.1666666666665,0,0
1992-12-01,89.3,70.5,65.5,60.3,73.1,11.5,7.4,10.9,142.3,6680.803,11.2144813801987,5813399300.0,2104.0833333333335,0,0
1993-01-01,57.7,89.3,70.5,65.5,65.0,11.3,7.3,10.93,142.8,6729.459,18.5066883302714,6680269200.0,2117.0,0,0
1993-02-01,65.3,57.7,89.3,70.5,66.0,11.5,7.1,10.95,143.1,6729.459,18.5066883302714,6680269200.0,2098.9166666666665,0,0
1993-03-01,81.0,65.3,57.7,89.3,75.6,11.3,7.0,10.99,143.3,6729.459,18.5066883302714,6680269200.0,2080.8333333333335,0,0
1993-04-01,76.4,81.0,65.3,57.7,74.5,11.0,7.1,10.99,143.8,6808.939,18.5066883302714,6680269200.0,2062.75,0,0
1993-05-01,75.6,76.4,81.0,65.3,76.3,10.2,7.1,11.01,144.2,6808.939,18.5066883302714,6680269200.0,2044.6666666666667,0,0
1993-06-01,71.6,75.6,76.4,81.0,75.6,10.4,7.0,11.03,144.3,6808.939,18.5066883302714,6680269200.0,2026.5833333333333,0,0
1993-07-01,76.0,71.6,75.6,76.4,77.7,10.7,6.9,11.05,144.5,6882.098,18.5066883302714,6680269200.0,2008.5,0,0
1993-08-01,68.7,76.0,71.6,75.6,62.0,9.8,6.8,11.07,144.8,6882.098,18.5066883302714,6680269200.0,1990.4166666666667,0,0
1993-09-01,62.9,68.7,76.0,71.6,60.3,10.0,6.7,11.09,145.0,6882.098,18.5066883302714,6680269200.0,1972.3333333333333,0,0
1993-10-01,66.6,62.9,68.7,76.0,65.5,11.4,6.8,11.13,145.6,7013.738,18.5066883302714,6680269200.0,1954.25,0,0
1993-11-01,74.1,66.6,62.9,68.7,70.5,10.5,6.6,11.15,146.0,7013.738,18.5066883302714,6680269200.0,1936.1666666666667,0,0
1993-12-01,88.2,74.1,66.6,62.9,89.3,10.6,6.5,11.18,146.3,7013.738,18.5066883302714,6680269200.0,1918.0833333333333,0,0
1994-01-01,69.4,88.2,74.1,66.6,57.7,10.5,6.6,11.2,146.3,7115.652,10.5858066526451,7679384000.0,1900.0,0,0
1994-02-01,72.9,69.4,88.2,74.1,65.3,10.1,6.6,11.25,146.7,7115.652,10.5858066526451,7679384000.0,1902.6666666666667,0,0
1994-03-01,81.1,72.9,69.4,88.2,81.0,9.9,6.5,11.25,147.1,7115.652,10.5858066526451,7679384000.0,1905.3333333333333,0,0
1994-04-01,79.0,81.1,72.9,69.4,76.4,10.8,6.4,11.27,147.2,7246.931,10.5858066526451,7679384000.0,1908.0,0,0
1994-05-01,88.2,79.0,81.1,72.9,75.6,9.6,6.1,11.29,147.5,7246.931,10.5858066526451,7679384000.0,1910.6666666666667,0,0
1994-06-01,77.1,88.2,79.0,81.1,71.6,10.3,6.1,11.31,147.9,7246.931,10.5858066526451,7679384000.0,1913.3333333333333,0,0
1994-07-01,75.1,77.1,88.2,79.0,76.0,10.1,6.1,11.34,148.4,7331.075,10.5858066526451,7679384000.0,1916.0,0,0
1994-08-01,86.4,75.1,77.1,88.2,68.7,9.8,6.0,11.36,149.0,7331.075,10.5858066526451,7679384000.0,1918.6666666666667,0,0
1994-09-01,80.4,86.4,75.1,77.1,62.9,10.1,5.9,11.39,149.3,7331.075,10.5858066526451,7679384000.0,1921.3333333333333,0,0
1994-10-01,73.5,80.4,86.4,75.1,66.6,9.5,5.8,11.42,149.4,7455.288,10.5858066526451,7679384000.0,1924.0,0,0
1994-11-01,80.1,73.5,80.4,86.4,74.1,8.9,5.6,11.45,149.8,7455.288,10.5858066526451,7679384000.0,1926.6666666666667,0,0
1994-12-01,99.3,80.1,73.5,80.4,88.2,9.3,5.5,11.48,150.1,7455.288,10.5858066526451,7679384000.0,1929.3333333333333,0,0
1995-01-01,82.1,99.3,80.1,73.5,69.4,10.2,5.6,11.48,150.5,7522.289,10.0296564501018,8921947100.0,1932.0,0,0
1995-02-01,74.4,82.1,99.3,80.1,72.9,9.0,5.4,11.53,150.9,7522.289,10.0296564501018,8921947100.0,1978.75,0,0
1995-03-01,86.2,74.4,82.1,99.3,81.1,8.9,5.4,11.55,151.2,7522.289,10.0296564501018,8921947100.0,2025.5,0,0
1995-04-01,76.2,86.2,74.4,82.1,79.0,8.9,5.8,11.56,151.8,7580.997,10.0296564501018,8921947100.0,2072.25,0,0
1995-05-01,98.1,76.2,86.2,74.4,88.2,9.8,5.6,11.59,152.1,7580.997,10.0296564501018,8921947100.0,2119.0,0,0
1995-06-01,91.6,98.1,76.2,86.2,77.1,9.1,5.6,11.63,152.4,7580.997,10.0296564501018,8921947100.0,2165.75,0,0
1995-07-01,90.6,91.6,98.1,76.2,75.1,8.8,5.7,11.67,152.6,7683.125,10.0296564501018,8921947100.0,2212.5,0,0
1995-08-01,93.1,90.6,91.6,98.1,86.4,9.6,5.7,11.69,152.9,7683.125,10.0296564501018,8921947100.0,2259.25,0,0
1995-09-01,85.0,93.1,90.6,91.6,80.4,9.1,5.6,11.73,153.1,7683.125,10.0296564501018,8921947100.0,2306.0,0,0
1995-10-01,89.1,85.0,93.1,90.6,73.5,9.4,5.5,11.75,153.5,7772.586,10.0296564501018,8921947100.0,2352.75,0,0
1995-11-01,89.1,89.1,85.0,93.1,80.1,9.5,5.6,11.78,153.7,7772.586,10.0296564501018,8921947100.0,2399.5,0,0
1995-12-01,105.9,89.1,89.1,85.0,99.3,9.3,5.6,11.81,153.9,7772.586,10.0296564501018,8921947100.0,2446.25,0,0
1996-01-01,90.6,105.9,89.1,89.1,82.1,9.4,5.6,11.86,154.7,7868.468,9.78892040179966,9586327800.0,2493.0,0,0
1996-02-01,74.0,90.6,105.9,89.1,74.4,9.6,5.5,11.87,155.0,7868.468,9.78892040179966,9586327800.0,2610.25,0,0
1996-03-01,89.6,74.0,90.6,105.9,86.2,9.6,5.5,11.89,155.5,7868.468,9.78892040179966,9586327800.0,2727.5,0,0
1996-04-01,84.6,89.6,74.0,90.6,76.2,9.6,5.6,11.96,156.1,8032.84,9.78892040179966,9586327800.0,2844.75,0,0
1996-05-01,100.9,84.6,89.6,74.0,98.1,9.6,5.6,11.98,156.4,8032.84,9.78892040179966,9586327800.0,2962.0,0,0
1996-06-01,86.1,100.9,84.6,89.6,91.6,8.8,5.3,12.03,156.7,8032.84,9.78892040179966,9586327800.0,3079.25,0,0
1996-07-01,105.3,86.1,100.9,84.6,90.6,8.8,5.5,12.05,157.0,8131.408,9.78892040179966,9586327800.0,3196.5,0,0
1996-08-01,96.3,105.3,86.1,100.9,93.1,8.8,5.1,12.09,157.2,8131.408,9.78892040179966,9586327800.0,3313.75,0,0
1996-09-01,88.2,96.3,105.3,86.1,85.0,8.2,5.2,12.13,157.7,8131.408,9.78892040179966,9586327800.0,3431.0,0,0
1996-10-01,94.0,88.2,96.3,105.3,89.1,8.0,5.2,12.16,158.2,8259.771,9.78892040179966,9586327800.0,3548.25,0,0
1996-11-01,80.0,94.0,88.2,96.3,89.1,8.5,5.4,12.2,158.7,8259.771,9.78892040179966,9586327800.0,3665.5,0,0
1996-12-01,96.9,80.0,94.0,88.2,105.9,7.4,5.4,12.24,159.1,8259.771,9.78892040179966,9586327800.0,3782.75,0,0
1997-01-01,89.2,96.9,80.0,94.0,90.6,8.4,5.3,12.29,159.4,8362.655,4.49013627855204,10221705900.0,3900.0,0,0
1997-02-01,77.8,89.2,96.9,80.0,74.0,8.2,5.2,12.31,159.7,8362.655,4.49013627855204,10221705900.0,4019.9166666666665,0,0
1997-03-01,84.2,77.8,89.2,96.9,89.6,8.3,5.2,12.35,159.8,8362.655,4.49013627855204,10221705900.0,4139.833333333333,0,0
1997-04-01,103.3,84.2,77.8,89.2,84.6,8.2,5.1,12.39,159.9,8518.825,4.49013627855204,10221705900.0,4259.75,0,0
1997-05-01,100.9,103.3,84.2,77.8,100.9,7.7,4.9,12.43,159.9,8518.825,4.49013627855204,10221705900.0,4379.666666666667,0,0
1997-06-01,106.8,100.9,103.3,84.2,86.1,7.5,5.0,12.46,160.2,8518.825,4.49013627855204,10221705900.0,4499.583333333333,0,0
1997-07-01,117.1,106.8,100.9,103.3,105.3,7.9,4.9,12.5,160.4,8662.823,4.49013627855204,10221705900.0,4619.5,0,0
1997-08-01,98.2,117.1,106.8,100.9,96.3,7.2,4.8,12.57,160.8,8662.823,4.49013627855204,10221705900.0,4739.416666666667,0,0
1997-09-01,105.8,98.2,117.1,106.8,88.2,7.4,4.9,12.6,161.2,8662.823,4.49013627855204,10221705900.0,4859.333333333333,0,0
1997-10-01,106.9,105.8,98.2,117.1,94.0,7.8,4.7,12.66,161.5,8765.907,4.49013627855204,10221705900.0,4979.25,0,0
1997-11-01,88.7,106.9,105.8,98.2,80.0,7.0,4.6,12.71,161.7,8765.907,4.49013627855204,10221705900.0,5099.166666666667,0,0
1997-12-01,120.6,88.7,106.9,105.8,96.9,7.3,4.7,12.75,161.8,8765.907,4.49013627855204,10221705900.0,5219.083333333334,0,0
1998-01-01,98.9,120.6,88.7,106.9,89.2,7.1,4.6,12.79,162.0,8866.48,2.54705977554151,10936669900.0,5339.0,0,0
1998-02-01,86.6,98.9,120.6,88.7,77.8,6.9,4.6,12.83,162.0,8866.48,2.54705977554151,10936669900.0,5225.083333333333,0,0
1998-03-01,110.2,86.6,98.9,120.6,84.2,6.9,4.7,12.87,162.0,8866.48,2.54705977554151,10936669900.0,5111.166666666667,0,0
1998-04-01,113.1,110.2,86.6,98.9,103.3,6.7,4.3,12.92,162.2,8969.699,2.54705977554151,10936669900.0,4997.25,0,0
1998-05-01,112.5,113.1,110.2,86.6,100.9,6.9,4.4,12.96,162.6,8969.699,2.54705977554151,10936669900.0,4883.333333333333,0,0
1998-06-01,111.3,112.5,113.1,110.2,106.8,7.4,4.5,12.99,162.8,8969.699,2.54705977554151,10936669900.0,4769.416666666667,0,0
1998-07-01,116.2,111.3,112.5,113.1,117.1,7.3,4.5,13.0,163.2,9121.097,2.54705977554151,10936669900.0,4655.5,0,0
1998-08-01,114.7,116.2,111.3,112.5,98.2,7.4,4.5,13.07,163.4,9121.097,2.54705977554151,10936669900.0,4541.583333333333,0,0
1998-09-01,114.2,114.7,116.2,111.3,105.8,7.3,4.6,13.11,163.5,9121.097,2.54705977554151,10936669900.0,4427.666666666667,0,0
1998-10-01,114.6,114.2,114.7,116.2,106.9,7.2,4.5,13.14,163.9,9293.991,2.54705977554151,10936669900.0,4313.75,0,0
1998-11-01,115.1,114.6,114.2,114.7,88.7,7.1,4.4,13.17,164.1,9293.991,2.54705977554151,10936669900.0,4199.833333333333,0,0
1998-12-01,130.9,115.1,114.6,114.2,120.6,7.7,4.4,13.21,164.4,9293.991,2.54705977554151,10936669900.0,4085.9166666666665,0,0
1999-01-01,106.7,130.9,115.1,114.6,98.9,6.7,4.3,13.27,164.7,9411.682,0.514827130192979,11284197000.0,3972.0,0,0
1999-02-01,97.2,106.7,130.9,115.1,86.6,6.7,4.4,13.3,164.7,9411.682,0.514827130192979,11284197000.0,4016.5833333333335,0,0
1999-03-01,115.5,97.2,106.7,130.9,110.2,5.8,4.2,13.34,164.8,9411.682,0.514827130192979,11284197000.0,4061.1666666666665,0,0
1999-04-01,117.9,115.5,97.2,106.7,113.1,7.0,4.3,13.38,165.9,9526.21,0.514827130192979,11284197000.0,4105.75,0,0
1999-05-01,119.4,117.9,115.5,97.2,112.5,6.7,4.2,13.42,166.0,9526.21,0.514827130192979,11284197000.0,4150.333333333333,0,0
1999-06-01,108.6,119.4,117.9,115.5,111.3,6.6,4.3,13.47,166.0,9526.21,0.514827130192979,11284197000.0,4194.916666666667,0,0
1999-07-01,119.1,108.6,119.4,117.9,116.2,6.5,4.3,13.51,166.7,9686.626,0.514827130192979,11284197000.0,4239.5,0,0
1999-08-01,106.5,119.1,108.6,119.4,114.7,6.5,4.2,13.53,167.1,9686.626,0.514827130192979,11284197000.0,4284.083333333333,0,0
1999-09-01,106.4,106.5,119.1,108.6,114.2,6.7,4.2,13.61,167.8,9686.626,0.514827130192979,11284197000.0,4328.666666666667,0,0
1999-10-01,113.9,106.4,106.5,119.1,114.6,6.4,4.1,13.64,168.1,9900.169,0.514827130192979,11284197000.0,4373.25,0,0
1999-11-01,121.5,113.9,106.4,106.5,115.1,6.0,4.1,13.66,168.4,9900.169,0.514827130192979,11284197000.0,4417.833333333333,0,0
1999-12-01,141.1,121.5,113.9,106.4,130.9,5.8,4.0,13.7,168.8,9900.169,0.514827130192979,11284197000.0,4462.416666666667,0,0
2000-01-01,132.1,141.1,121.5,113.9,106.7,5.6,4.0,13.74,169.3,10002.179,2.27128756828723,11784927700.0,4507.0,0,0
2000-02-01,125.9,132.1,141.1,121.5,97.2,5.7,4.1,13.8,170.0,10002.179,2.27128756828723,11784927700.0,4458.75,0,0
2000-03-01,140.7,125.9,132.1,141.1,115.5,6.1,4.0,13.85,171.0,10002.179,2.27128756828723,11784927700.0,4410.5,0,0
2000-04-01,121.7,140.7,125.9,132.1,117.9,5.5,3.8,13.89,170.9,10247.72,2.27128756828723,11784927700.0,4362.25,0,0
2000-05-01,153.4,121.7,140.7,125.9,119.4,5.8,4.0,13.93,171.2,10247.72,2.27128756828723,11784927700.0,4314.0,0,0
2000-06-01,143.6,153.4,121.7,140.7,108.6,5.6,4.0,13.98,172.2,10247.72,2.27128756828723,11784927700.0,4265.75,0,0
2000-07-01,152.0,143.6,153.4,121.7,119.1,5.8,4.0,14.02,172.7,10318.165,2.27128756828723,11784927700.0,4217.5,0,0
2000-08-01,156.2,152.0,143.6,153.4,106.5,5.9,4.1,14.07,172.7,10318.165,2.27128756828723,11784927700.0,4169.25,0,0
2000-09-01,142.7,156.2,152.0,143.6,106.4,5.8,3.9,14.13,173.6,10318.165,2.27128756828723,11784927700.0,4121.0,0,0
2000-10-01,159.8,142.7,156.2,152.0,113.9,5.1,3.9,14.17,173.9,10435.744,2.27128756828723,11784927700.0,4072.75,0,0
2000-11-01,155.6,159.8,142.7,156.2,121.5,6.0,3.9,14.23,174.2,10435.744,2.27128756828723,11784927700.0,4024.5,0,0
2000-12-01,167.0,155.6,159.8,142.7,141.1,5.7,3.9,14.29,174.6,10435.744,2.27128756828723,11784927700.0,3976.25,0,0
2001-01-01,147.6,167.0,155.6,159.8,132.1,5.8,4.2,14.29,175.6,10470.231,3.7508205747202,12282533600.0,3928.0,1,0
2001-02-01,147.2,147.6,167.0,155.6,125.9,6.1,4.2,14.36,176.0,10470.231,3.7508205747202,12282533600.0,3939.5,1,0
2001-03-01,149.6,147.2,147.6,167.0,140.7,6.2,4.3,14.42,176.1,10470.231,3.7508205747202,12282533600.0,3951.0,1,0
2001-04-01,139.7,149.6,147.2,147.6,121.7,6.4,4.4,14.44,176.4,10599.0,3.7508205747202,12282533600.0,3962.5,1,0
2001-05-01,179.1,139.7,149.6,147.2,153.4,6.3,4.3,14.5,177.3,10599.0,3.7508205747202,12282533600.0,3974.0,1,0
2001-06-01,157.8,179.1,139.7,149.6,143.6,6.6,4.5,14.54,177.7,10599.0,3.7508205747202,12282533600.0,3985.5,1,0
2001-07-01,162.9,157.8,179.1,139.7,152.0,6.2,4.6,14.55,177.4,10598.02,3.7508205747202,12282533600.0,3997.0,1,0
2001-08-01,166.8,162.9,157.8,179.1,156.2,6.5,4.9,14.6,177.4,10598.02,3.7508205747202,12282533600.0,4008.5,1,0
2001-09-01,146.7,166.8,162.9,157.8,142.7,6.7,5.0,14.62,178.1,10598.02,3.7508205747202,12282533600.0,4020.0,1,0
2001-10-01,169.6,146.7,166.8,162.9,159.8,7.1,5.3,14.66,177.6,10660.465,3.7508205747202,12282533600.0,4031.5,1,0
2001-11-01,158.7,169.6,146.7,166.8,155.6,7.3,5.5,14.72,177.5,10660.465,3.7508205747202,12282533600.0,4043.0,1,0
2001-12-01,184.8,158.7,169.6,146.7,167.0,7.7,5.7,14.74,177.4,10660.465,3.7508205747202,12282533600.0,4054.5,1,0
2002-01-01,143.4,184.8,158.7,169.6,147.6,7.8,5.7,14.76,177.7,10783.5,1.86552503610077,12664190300.0,4066.0,0,0
2002-02-01,146.2,143.4,184.8,158.7,147.2,7.0,5.7,14.78,178.0,10783.5,1.86552503610077,12664190300.0,4190.583333333333,0,0
2002-03-01,157.8,146.2,143.4,184.8,149.6,7.5,5.7,14.82,178.5,10783.5,1.86552503610077,12664190300.0,4315.166666666667,0,0
2002-04-01,174.2,157.8,146.2,143.4,139.7,8.0,5.9,14.84,179.3,10887.46,1.86552503610077,12664190300.0,4439.75,0,0
2002-05-01,180.3,174.2,157.8,146.2,179.1,7.1,5.8,14.88,179.5,10887.46,1.86552503610077,12664190300.0,4564.333333333333,0,0
2002-06-01,167.9,180.3,174.2,157.8,157.8,7.4,5.8,14.93,179.6,10887.46,1.86552503610077,12664190300.0,4688.916666666667,0,0
2002-07-01,162.2,167.9,180.3,174.2,162.9,7.4,5.8,14.97,180.0,10984.04,1.86552503610077,12664190300.0,4813.5,0,0
2002-08-01,160.1,162.2,167.9,180.3,166.8,7.5,5.7,15.02,180.5,10984.04,1.86552503610077,12664190300.0,4938.083333333333,0,0
2002-09-01,150.5,160.1,162.2,167.9,146.7,7.4,5.7,15.05,180.8,10984.04,1.86552503610077,12664190300.0,5062.666666666667,0,0
2002-10-01,156.5,150.5,160.1,162.2,169.6,7.9,5.7,15.12,181.2,11061.433,1.86552503610077,12664190300.0,5187.25,0,0
2002-11-01,160.9,156.5,150.5,160.1,158.7,7.8,5.9,15.15,181.5,11061.433,1.86552503610077,12664190300.0,5311.833333333333,0,0
2002-12-01,175.2,160.9,156.5,150.5,184.8,7.9,6.0,15.2,181.8,11061.433,1.86552503610077,12664190300.0,5436.416666666666,0,0
2003-01-01,146.0,175.2,160.9,156.5,143.4,7.9,5.8,15.21,182.6,11174.129,2.1203909173333,13243892200.0,5561.0,0,0
2003-02-01,149.1,146.0,175.2,160.9,146.2,7.7,5.9,15.28,183.6,11174.129,2.1203909173333,13243892200.0,5703.333333333333,0,0
2003-03-01,170.1,149.1,146.0,175.2,157.8,7.8,5.9,15.27,183.9,11174.129,2.1203909173333,13243892200.0,5845.666666666667,0,0
2003-04-01,177.4,170.1,149.1,146.0,174.2,7.6,6.0,15.28,183.2,11312.766,2.1203909173333,13243892200.0,5988.0,0,0
2003-05-01,186.1,177.4,170.1,149.1,180.3,8.0,6.1,15.33,182.9,11312.766,2.1203909173333,13243892200.0,6130.333333333333,0,0
2003-06-01,178.1,186.1,177.4,170.1,167.9,8.3,6.3,15.36,183.1,11312.766,2.1203909173333,13243892200.0,6272.666666666667,0,0
2003-07-01,175.8,178.1,186.1,177.4,162.2,8.0,6.2,15.4,183.7,11566.669,2.1203909173333,13243892200.0,6415.0,0,0
2003-08-01,172.8,175.8,178.1,186.1,160.1,7.7,6.1,15.42,184.5,11566.669,2.1203909173333,13243892200.0,6557.333333333333,0,0
2003-09-01,180.4,172.8,175.8,178.1,150.5,7.3,6.1,15.42,185.1,11566.669,2.1203909173333,13243892200.0,6699.666666666667,0,0
2003-10-01,181.1,180.4,172.8,175.8,156.5,7.5,6.0,15.42,184.9,11772.234,2.1203909173333,13243892200.0,6842.0,0,0
2003-11-01,174.8,181.1,180.4,172.8,160.9,7.4,5.8,15.46,185.0,11772.234,2.1203909173333,13243892200.0,6984.333333333334,0,0
2003-12-01,213.6,174.8,181.1,180.4,175.2,6.7,5.7,15.47,185.5,11772.234,2.1203909173333,13243892200.0,7126.666666666667,0,0
2004-01-01,171.3,213.6,174.8,181.1,146.0,7.3,5.7,15.51,186.3,11923.447,4.45194392395045,13724810900.0,7269.0,0,0
2004-02-01,170.3,171.3,213.6,174.8,149.1,7.4,5.6,15.53,186.7,11923.447,4.45194392395045,13724810900.0,7355.333333333333,0,0
2004-03-01,218.4,170.3,171.3,213.6,170.1,7.6,5.8,15.56,187.1,11923.447,4.45194392395045,13724810900.0,7441.666666666667,0,0
2004-04-01,213.8,218.4,170.3,171.3,177.4,7.1,5.6,15.59,187.4,12112.815,4.45194392395045,13724810900.0,7528.0,0,0
2004-05-01,220.5,213.8,218.4,170.3,186.1,6.9,5.6,15.63,188.2,12112.815,4.45194392395045,13724810900.0,7614.333333333333,0,0
2004-06-01,212.6,220.5,213.8,218.4,178.1,6.6,5.6,15.67,188.9,12112.815,4.45194392395045,13724810900.0,7700.666666666667,0,0
2004-07-01,210.1,212.6,220.5,213.8,175.8,6.8,5.5,15.69,189.1,12305.307,4.45194392395045,13724810900.0,7787.0,0,0
2004-08-01,224.4,210.1,212.6,220.5,172.8,6.8,5.4,15.73,189.2,12305.307,4.45194392395045,13724810900.0,7873.333333333333,0,0
2004-09-01,213.51,224.4,210.1,212.6,180.4,6.8,5.4,15.78,189.8,12305.307,4.45194392395045,13724810900.0,7959.666666666667,0,0
2004-10-01,215.9,213.51,224.4,210.1,181.1,6.8,5.5,15.81,190.8,12527.214,4.45194392395045,13724810900.0,8046.0,0,0
2004-11-01,230.6,215.9,213.51,224.4,174.8,6.7,5.4,15.84,191.7,12527.214,4.45194392395045,13724810900.0,8132.333333333333,0,0
2004-12-01,246.2,230.6,215.9,213.51,213.6,6.6,5.4,15.86,191.7,12527.214,4.45194392395045,13724810900.0,8218.666666666666,0,0
2005-01-01,189.73,246.2,230.6,215.9,171.3,6.0,5.3,15.9,191.6,12767.286,4.69094870903769,14698000000.0,8305.0,0,0
2005-02-01,199.31,189.73,246.2,230.6,170.3,6.3,5.4,15.93,192.4,12767.286,4.69094870903769,14698000000.0,8533.75,0,0
2005-03-01,250.41,199.31,189.73,246.2,218.4,5.8,5.2,15.97,193.1,12767.286,4.69094870903769,14698000000.0,8762.5,0,0
2005-04-01,245.47,250.41,199.31,189.73,213.8,6.4,5.2,16.01,193.7,12922.656,4.69094870903769,14698000000.0,8991.25,0,0
2005-05-01,272.17,245.47,250.41,199.31,220.5,6.0,5.1,16.04,193.6,12922.656,4.69094870903769,14698000000.0,9220.0,0,0
2005-06-01,250.81,272.17,245.47,250.41,212.6,5.7,5.0,16.08,193.7,12922.656,4.69094870903769,14698000000.0,9448.75,0,0
2005-07-01,240.89,250.81,272.17,245.47,210.1,5.5,5.0,16.15,194.9,13142.642,4.69094870903769,14698000000.0,9677.5,0,0
2005-08-01,272.23,240.89,250.81,272.17,224.4,5.8,4.9,16.17,196.1,13142.642,4.69094870903769,14698000000.0,9906.25,0,0
2005-09-01,245.19,272.23,240.89,250.81,213.51,6.4,5.0,16.19,198.8,13142.642,4.69094870903769,14698000000.0,10135.0,0,0
2005-10-01,261.54,245.19,272.23,240.89,215.9,6.0,5.0,16.28,199.1,13324.204,4.69094870903769,14698000000.0,10363.75,0,0
2005-11-01,266.11,261.54,245.19,272.23,230.6,6.1,5.0,16.3,198.1,13324.204,4.69094870903769,14698000000.0,10592.5,0,0
2005-12-01,323.32,266.11,261.54,245.19,246.2,6.1,4.9,16.36,198.1,13324.204,4.69094870903769,14698000000.0,10821.25,0,0
2006-01-01,237.67,323.32,266.11,261.54,189.73,5.5,4.7,16.42,199.3,13599.16,4.03712359429612,15999890000.0,11050.0,0,0
2006-02-01,249.75,237.67,323.32,266.11,199.31,5.4,4.8,16.48,199.4,13599.16,4.03712359429612,15999890000.0,11799.583333333334,0,0
2006-03-01,309.35,249.75,237.67,323.32,250.41,5.2,4.7,16.54,199.7,13599.16,4.03712359429612,15999890000.0,12549.166666666666,0,0
2006-04-01,274.05,309.35,249.75,237.67,245.47,5.5,4.7,16.63,200.7,13753.424,4.03712359429612,15999890000.0,13298.75,0,0
2006-05-01,330.83,274.05,309.35,249.75,272.17,5.0,4.6,16.65,201.3,13753.424,4.03712359429612,15999890000.0,14048.333333333334,0,0
2006-06-01,289.77,330.83,274.05,309.35,250.81,5.2,4.6,16.72,201.8,13753.424,4.03712359429612,15999890000.0,14797.916666666668,0,0
2006-07-01,284.91,289.77,330.83,274.05,240.89,5.2,4.7,16.78,202.9,13870.188,4.03712359429612,15999890000.0,15547.5,0,0
2006-08-01,293.72,284.91,289.77,330.83,272.23,5.3,4.7,16.82,203.8,13870.188,4.03712359429612,15999890000.0,16297.083333333334,0,0
2006-09-01,271.41,293.72,284.91,289.77,245.19,5.5,4.5,16.87,202.8,13870.188,4.03712359429612,15999890000.0,17046.666666666668,0,0
2006-10-01,301.02,271.41,293.72,284.91,261.54,4.8,4.4,16.93,201.9,14039.56,4.03712359429612,15999890000.0,17796.25,0,0
2006-11-01,279.55,301.02,271.41,293.72,266.11,5.1,4.5,16.98,202.0,14039.56,4.03712359429612,15999890000.0,18545.833333333336,0,0
2006-12-01,348.86,279.55,301.02,271.41,323.32,5.0,4.4,17.05,203.1,14039.56,4.03712359429612,15999890000.0,19295.416666666668,0,0
2007-01-01,270.86,348.86,279.55,301.02,237.67,5.5,4.6,17.09,203.437,14215.651,4.57808572377153,17011750000.0,20045.0,0,0
2007-02-01,269.05,270.86,348.86,279.55,249.75,5.1,4.5,17.16,204.226,14215.651,4.57808572377153,17011750000.0,20045.416666666668,0,0
2007-03-01,320.21,269.05,270.86,348.86,309.35,5.0,4.4,17.22,205.288,14215.651,4.57808572377153,17011750000.0,20045.833333333332,0,0
2007-04-01,310.29,320.21,269.05,270.86,274.05,5.6,4.5,17.27,205.904,14402.082,4.57808572377153,17011750000.0,20046.25,0,0
2007-05-01,337.96,310.29,320.21,269.05,330.83,5.8,4.4,17.34,206.755,14402.082,4.57808572377153,17011750000.0,20046.666666666668,0,0
2007-06-01,310.03,337.96,310.29,320.21,289.77,5.5,4.6,17.41,207.234,14402.082,4.57808572377153,17011750000.0,20047.083333333332,0,0
2007-07-01,324.61,310.03,337.96,310.29,284.91,5.9,4.7,17.46,207.603,14564.117,4.57808572377153,17011750000.0,20047.5,0,0
2007-08-01,312.21,324.61,310.03,337.96,293.72,5.5,4.6,17.5,207.667,14564.117,4.57808572377153,17011750000.0,20047.916666666668,0,0
2007-09-01,281.64,312.21,324.61,310.03,271.41,5.9,4.7,17.55,208.547,14564.117,4.57808572377153,17011750000.0,20048.333333333332,0,0
2007-10-01,323.79,281.64,312.21,324.61,301.02,5.7,4.7,17.58,209.19,14715.058,4.57808572377153,17011750000.0,20048.75,0,0
2007-11-01,283.5,323.79,281.64,312.21,279.55,5.9,4.7,17.63,210.834,14715.058,4.57808572377153,17011750000.0,20049.166666666668,0,0
2007-12-01,351.11,283.5,323.79,281.64,348.86,6.3,5.0,17.68,211.445,14715.058,4.57808572377153,17011750000.0,20049.583333333332,0,0
2008-01-01,270.46,351.11,283.5,323.79,270.86,6.3,5.0,17.74,212.174,14706.538,6.70792293515939,17986890000.0,20050.0,1,0
2008-02-01,295.91,270.46,351.11,283.5,269.05,6.2,4.9,17.8,212.687,14706.538,6.70792293515939,17986890000.0,20116.583333333332,1,0
2008-03-01,338.37,295.91,270.46,351.11,320.21,6.9,5.1,17.87,213.448,14706.538,6.70792293515939,17986890000.0,20183.166666666668,1,0
2008-04-01,334.36,338.37,295.91,270.46,310.29,7.1,5.0,17.92,213.942,14865.701,6.70792293515939,17986890000.0,20249.75,1,0
2008-05-01,343.58,334.36,338.37,295.91,337.96,6.9,5.4,17.98,215.208,14865.701,6.70792293515939,17986890000.0,20316.333333333332,1,0
2008-06-01,332.94,343.58,334.36,338.37,310.03,7.6,5.6,18.04,217.463,14865.701,6.70792293515939,17986890000.0,20382.916666666668,1,0
2008-07-01,328.82,332.94,343.58,334.36,324.61,7.5,5.8,18.1,219.016,14898.999,6.70792293515939,17986890000.0,20449.5,1,0
2008-08-01,299.48,328.82,332.94,343.58,312.21,8.0,6.1,18.18,218.69,14898.999,6.70792293515939,17986890000.0,20516.083333333332,1,0
2008-09-01,303.14,299.48,328.82,332.94,281.64,8.0,6.1,18.2,218.877,14898.999,6.70792293515939,17986890000.0,20582.666666666668,1,0
2008-10-01,302.96,303.14,299.48,328.82,323.79,8.8,6.5,18.25,216.995,14608.209,6.70792293515939,17986890000.0,20649.25,1,0
2008-11-01,262.74,302.96,303.14,299.48,283.5,8.7,6.8,18.31,213.153,14608.209,6.70792293515939,17986890000.0,20715.833333333332,1,0
2008-12-01,329.32,262.74,302.96,303.14,351.11,9.4,7.3,18.39,211.398,14608.209,6.70792293515939,17986890000.0,20782.416666666668,1,0
2009-01-01,248.65,329.32,262.74,302.96,270.46,10.1,7.8,18.39,211.933,14430.902,1.05595029731201,17601620000.0,20849.0,1,0
2009-02-01,270.93,248.65,329.32,262.74,295.91,11.3,8.3,18.44,212.705,14430.902,1.05595029731201,17601620000.0,20762.333333333332,1,0
2009-03-01,309.29,270.93,248.65,329.32,338.37,11.7,8.7,18.49,212.495,14430.902,1.05595029731201,17601620000.0,20675.666666666668,1,0
2009-04-01,281.81,309.29,270.93,248.65,334.36,11.4,9.0,18.52,212.709,14381.236,1.05595029731201,17601620000.0,20589.0,1,0
2009-05-01,296.32,281.81,309.29,270.93,343.58,12.3,9.4,18.53,213.022,14381.236,1.05595029731201,17601620000.0,20502.333333333332,1,0
2009-06-01,286.9,296.32,281.81,309.29,332.94,12.1,9.5,18.56,214.79,14381.236,1.05595029731201,17601620000.0,20415.666666666668,1,0
2009-07-01,275.39,286.9,296.32,281.81,328.82,12.5,9.5,18.59,214.726,14448.882,1.05595029731201,17601620000.0,20329.0,1,0
2009-08-01,285.19,275.39,286.9,296.32,299.48,13.0,9.6,18.67,215.445,14448.882,1.05595029731201,17601620000.0,20242.333333333332,1,0
2009-09-01,269.4,285.19,275.39,286.9,303.14,12.6,9.8,18.7,215.861,14448.882,1.05595029731201,17601620000.0,20155.666666666668,1,0
2009-10-01,278.09,269.4,285.19,275.39,302.96,12.8,10.0,18.74,216.509,14651.249,1.05595029731201,17601620000.0,20069.0,1,0
2009-11-01,259.01,278.09,269.4,285.19,262.74,12.4,9.9,18.8,217.234,14651.249,1.05595029731201,17601620000.0,19982.333333333332,1,0
2009-12-01,326.17,259.01,278.09,269.4,329.32,12.8,9.9,18.84,217.347,14651.249,1.05595029731201,17601620000.0,19895.666666666668,1,0
2010-01-01,229.56,326.17,259.01,278.09,248.65,12.9,9.8,18.88,217.488,14764.61,1.17933576873673,18447920000.0,19809.0,0,0
2010-02-01,264.72,229.56,326.17,259.01,270.93,12.7,9.8,18.91,217.281,14764.61,1.17933576873673,18447920000.0,19653.666666666668,0,0
2010-03-01,338.86,264.72,229.56,326.17,309.29,12.9,9.9,18.92,217.353,14764.61,1.17933576873673,18447920000.0,19498.333333333332,0,0
2010-04-01,298.11,338.86,264.72,229.56,281.81,12.5,9.9,18.96,217.403,14980.193,1.17933576873673,18447920000.0,19343.0,0,0
2010-05-01,321.32,298.11,338.86,264.72,296.32,12.0,9.6,19.01,217.29,14980.193,1.17933576873673,18447920000.0,19187.666666666668,0,0
2010-06-01,296.19,321.32,298.11,338.86,286.9,12.3,9.4,19.03,217.199,14980.193,1.17933576873673,18447920000.0,19032.333333333332,0,0
2010-07-01,289.17,296.19,321.32,298.11,275.39,12.2,9.4,19.04,217.605,15141.607,1.17933576873673,18447920000.0,18877.0,0,0
2010-08-01,289.07,289.17,296.19,321.32,285.19,12.0,9.5,19.11,217.923,15141.607,1.17933576873673,18447920000.0,18721.666666666668,0,0
2010-09-01,262.84,289.07,289.17,296.19,269.4,12.3,9.5,19.11,218.275,15141.607,1.17933576873673,18447920000.0,18566.333333333332,0,0
2010-10-01,272.17,262.84,289.07,289.17,278.09,12.3,9.4,19.21,219.035,15309.474,1.17933576873673,18447920000.0,18411.0,0,0
2010-11-01,265.02,272.17,262.84,289.07,259.01,12.9,9.8,19.21,219.59,15309.474,1.17933576873673,18447920000.0,18255.666666666668,0,0
2010-12-01,328.26,265.02,272.17,262.84,326.17,12.9,9.3,19.23,220.472,15309.474,1.17933576873673,18447920000.0,18100.333333333332,0,0
2011-01-01,248.37,328.26,265.02,272.17,229.56,12.3,9.1,19.33,221.187,15351.448,5.1289237668161,20283780000.0,17945.0,0,0
2011-02-01,279.6,248.37,328.26,265.02,264.72,11.8,9.0,19.31,221.898,15351.448,5.1289237668161,20283780000.0,18025.416666666668,0,0
2011-03-01,332.05,279.6,248.37,328.26,338.86,11.6,9.0,19.3,223.046,15351.448,5.1289237668161,20283780000.0,18105.833333333332,0,0
2011-04-01,307.58,332.05,279.6,248.37,298.11,11.9,9.1,19.36,224.093,15557.539,5.1289237668161,20283780000.0,18186.25,0,0
2011-05-01,336.95,307.58,332.05,279.6,321.32,11.6,9.0,19.41,224.806,15557.539,5.1289237668161,20283780000.0,18266.666666666668,0,0
2011-06-01,298.18,336.95,307.58,332.05,296.19,11.5,9.1,19.41,224.806,15557.539,5.1289237668161,20283780000.0,18347.083333333332,0,0
2011-07-01,299.91,298.18,336.95,307.58,289.17,11.2,9.0,19.48,225.395,15647.68,5.1289237668161,20283780000.0,18427.5,0,0
2011-08-01,302.58,299.91,298.18,336.95,289.07,11.2,9.0,19.47,226.106,15647.68,5.1289237668161,20283780000.0,18507.916666666668,0,0
2011-09-01,286.69,302.58,299.91,298.18,262.84,11.2,9.0,19.49,226.597,15647.68,5.1289237668161,20283780000.0,18588.333333333332,0,0
2011-10-01,299.85,286.69,302.58,299.91,272.17,11.3,8.8,19.56,226.75,15842.259,5.1289237668161,20283780000.0,18668.75,0,0
2011-11-01,281.33,299.85,286.69,302.58,265.02,11.2,8.6,19.56,227.169,15842.259,5.1289237668161,20283780000.0,18749.166666666668,0,0
2011-12-01,354.39,281.33,299.85,286.69,328.26,11.1,8.5,19.57,227.223,15842.259,5.1289237668161,20283780000.0,18829.583333333332,0,0
2012-01-01,268.36,354.39,281.33,299.85,248.37,10.7,8.3,19.59,227.842,16068.805,1.72973481581383,21386150000.0,18910.0,0,0
2012-02-01,316.69,268.36,354.39,281.33,279.6,10.9,8.3,19.58,228.329,16068.805,1.72973481581383,21386150000.0,19095.166666666668,0,0
2012-03-01,362.55,316.69,268.36,354.39,332.05,10.6,8.2,19.64,228.807,16068.805,1.72973481581383,21386150000.0,19280.333333333332,0,0
2012-04-01,333.18,362.55,316.69,268.36,307.58,10.3,8.2,19.68,229.187,16207.115,1.72973481581383,21386150000.0,19465.5,0,0
2012-05-01,349.29,333.18,362.55,316.69,336.95,10.9,8.2,19.68,228.713,16207.115,1.72973481581383,21386150000.0,19650.666666666668,0,0
2012-06-01,319.2,349.29,333.18,362.55,298.18,10.9,8.2,19.71,228.524,16207.115,1.72973481581383,21386150000.0,19835.833333333332,0,0
2012-07-01,331.06,319.2,349.29,333.18,299.91,10.2,8.2,19.75,228.59,16319.541,1.72973481581383,21386150000.0,20021.0,0,0
2012-08-01,313.47,331.06,319.2,349.29,302.58,10.1,8.1,19.74,229.918,16319.541,1.72973481581383,21386150000.0,20206.166666666668,0,0
2012-09-01,304.93,313.47,331.06,319.2,286.69,9.7,7.8,19.79,231.015,16319.541,1.72973481581383,21386150000.0,20391.333333333332,0,0
2012-10-01,320.28,304.93,313.47,331.06,299.85,10.0,7.8,19.79,231.638,16420.419,1.72973481581383,21386150000.0,20576.5,0,0
2012-11-01,292.47,320.28,304.93,313.47,281.33,9.9,7.7,19.84,231.249,16420.419,1.72973481581383,21386150000.0,20761.666666666668,0,0
2012-12-01,375.14,292.47,320.28,304.93,354.39,9.6,7.9,19.9,231.221,16420.419,1.72973481581383,21386150000.0,20946.833333333332,0,0
2013-01-01,279.5,375.14,292.47,320.28,268.36,9.7,8.0,19.93,231.679,16648.189,0.757669184522973,21990960000.0,21132.0,0,0
2013-02-01,300.14,279.5,375.14,292.47,316.69,9.7,7.7,19.99,232.937,16648.189,0.757669184522973,21990960000.0,21594.166666666668,0,0
2013-03-01,336.8,300.14,279.5,375.14,362.55,9.3,7.5,20.01,232.282,16648.189,0.757669184522973,21990960000.0,22056.333333333332,0,0
2013-04-01,355.34,336.8,300.14,279.5,333.18,9.0,7.6,20.04,231.797,16728.687,0.757669184522973,21990960000.0,22518.5,0,0
2013-05-01,358.23,355.34,336.8,300.14,349.29,9.0,7.5,20.05,231.893,16728.687,0.757669184522973,21990960000.0,22980.666666666668,0,0
2013-06-01,318.98,358.23,355.34,336.8,319.2,9.1,7.5,20.13,232.445,16728.687,0.757669184522973,21990960000.0,23442.833333333332,0,0
2013-07-01,331.46,318.98,358.23,355.34,331.06,9.4,7.3,20.14,232.9,16953.838,0.757669184522973,21990960000.0,23905.0,0,0
2013-08-01,323.05,331.46,318.98,358.23,313.47,9.2,7.2,20.17,233.456,16953.838,0.757669184522973,21990960000.0,24367.166666666668,0,0
2013-09-01,315.51,323.05,331.46,318.98,304.93,8.8,7.2,20.23,233.544,16953.838,0.757669184522973,21990960000.0,24829.333333333332,0,0
2013-10-01,332.86,315.51,323.05,331.46,320.28,9.1,7.2,20.25,233.669,17192.019,0.757669184522973,21990960000.0,25291.5,0,0
2013-11-01,307.3,332.86,315.51,323.05,292.47,8.7,6.9,20.31,234.1,17192.019,0.757669184522973,21990960000.0,25753.666666666668,0,0
2013-12-01,385.03,307.3,332.86,315.51,375.14,8.3,6.7,20.34,234.719,17192.019,0.757669184522973,21990960000.0,26215.833333333336,0,0
2014-01-01,282.17,385.03,307.3,332.86,279.5,8.3,6.6,20.39,235.288,17197.738,1.14134467538233,22593470000.0,26678.0,0,0
2014-02-01,310.93,282.17,385.03,307.3,300.14,8.2,6.7,20.51,235.547,17197.738,1.14134467538233,22593470000.0,26273.416666666668,0,0
2014-03-01,374.83,310.93,282.17,385.03,336.8,7.9,6.7,20.5,236.028,17197.738,1.14134467538233,22593470000.0,25868.833333333332,0,0
2014-04-01,353.76,374.83,310.93,282.17,355.34,7.2,6.2,20.51,236.468,17518.508,1.14134467538233,22593470000.0,25464.25,0,0
2014-05-01,384.07,353.76,374.83,310.93,358.23,7.7,6.3,20.53,236.918,17518.508,1.14134467538233,22593470000.0,25059.666666666668,0,0
2014-06-01,353.15,384.07,353.76,374.83,318.98,7.8,6.1,20.6,237.231,17518.508,1.14134467538233,22593470000.0,24655.083333333332,0,0
2014-07-01,349.83,353.15,384.07,353.76,331.46,7.7,6.2,20.61,237.498,17804.228,1.14134467538233,22593470000.0,24250.5,0,0
2014-08-01,339.54,349.83,353.15,384.07,323.05,7.4,6.1,20.66,237.46,17804.228,1.14134467538233,22593470000.0,23845.916666666668,0,0
2014-09-01,331.5,339.54,349.83,353.15,315.51,6.8,5.9,20.66,237.477,17804.228,1.14134467538233,22593470000.0,23441.333333333332,0,0
2014-10-01,340.78,331.5,339.54,349.83,332.86,6.8,5.7,20.7,237.43,17912.079,1.14134467538233,22593470000.0,23036.75,0,0
2014-11-01,316.32,340.78,331.5,339.54,307.3,6.6,5.8,20.77,236.983,17912.079,1.14134467538233,22593470000.0,22632.166666666668,0,0
2014-12-01,402.29,316.32,340.78,331.5,385.03,6.4,5.6,20.71,236.252,17912.079,1.14134467538233,22593470000.0,22227.583333333336,0,0
2015-01-01,293.91,402.29,316.32,340.78,282.17,6.7,5.7,20.8,234.747,18063.529,-0.731384487387957,23438240000.0,21823.0,0,0
2015-02-01,315.04,293.91,402.29,316.32,310.93,6.8,5.5,20.84,235.342,18063.529,-0.731384487387957,23438240000.0,21699.916666666668,0,0
2015-03-01,371.88,315.04,293.91,402.29,374.83,6.8,5.4,20.91,235.976,18063.529,-0.731384487387957,23438240000.0,21576.833333333332,0,0
2015-04-01,353.22,371.88,315.04,293.91,353.76,6.8,5.4,20.92,236.222,18279.784,-0.731384487387957,23438240000.0,21453.75,0,0
2015-05-01,384.81,353.22,371.88,315.04,384.07,6.8,5.6,20.98,237.001,18279.784,-0.731384487387957,23438240000.0,21330.666666666668,0,0
2015-06-01,361.91,384.81,353.22,371.88,353.15,6.7,5.3,21.0,237.657,18279.784,-0.731384487387957,23438240000.0,21207.583333333332,0,0
2015-07-01,354.32,361.91,384.81,353.22,349.83,6.9,5.2,21.03,238.034,18401.626,-0.731384487387957,23438240000.0,21084.5,0,0
2015-08-01,355.57,354.32,361.91,384.81,339.54,6.6,5.1,21.11,238.033,18401.626,-0.731384487387957,23438240000.0,20961.416666666668,0,0
2015-09-01,345.9,355.57,354.32,361.91,331.5,6.2,5.0,21.09,237.498,18401.626,-0.731384487387957,23438240000.0,20838.333333333332,0,0
2015-10-01,362.71,345.9,355.57,354.32,340.78,6.3,5.0,21.19,237.733,18435.137,-0.731384487387957,23438240000.0,20715.25,0,0
2015-11-01,336.34,362.71,345.9,355.57,316.32,6.4,5.1,21.21,238.017,18435.137,-0.731384487387957,23438240000.0,20592.166666666668,0,0
2015-12-01,420.96,336.34,362.71,345.9,402.29,6.2,5.0,21.23,237.761,18435.137,-0.731384487387957,23438240000.0,20469.083333333332,0,0
2016-01-01,303.86,420.96,336.34,362.71,293.91,5.9,4.8,21.31,237.652,18525.933,0.60404908699661,24191430000.0,20346.0,0,0
2016-02-01,350.78,303.86,420.96,336.34,315.04,5.5,4.9,21.33,237.336,18525.933,0.60404908699661,24191430000.0,20178.75,0,0
2016-03-01,383.84,350.78,303.86,420.96,371.88,5.6,5.0,21.39,238.08,18525.933,0.60404908699661,24191430000.0,20011.5,0,0
2016-04-01,381.26,383.84,350.78,303.86,353.22,6.2,5.1,21.46,238.992,18711.702,0.60404908699661,24191430000.0,19844.25,0,0
2016-05-01,409.06,381.26,383.84,350.78,384.81,5.7,4.8,21.48,239.557,18711.702,0.60404908699661,24191430000.0,19677.0,0,0
2016-06-01,376.81,409.06,381.26,383.84,361.91,6.0,4.9,21.52,240.222,18711.702,0.60404908699661,24191430000.0,19509.75,0,0
2016-07-01,371.15,376.81,409.06,381.26,354.32,5.4,4.8,21.58,240.101,18892.639,0.60404908699661,24191430000.0,19342.5,0,0
2016-08-01,377.66,371.15,376.81,409.06,355.57,5.6,4.9,21.6,240.545,18892.639,0.60404908699661,24191430000.0,19175.25,0,0
2016-09-01,360.62,377.66,371.15,376.81,345.9,6.2,5.0,21.62,241.176,18892.639,0.60404908699661,24191430000.0,19008.0,0,0
2016-10-01,387.79,360.62,377.66,371.15,362.71,5.7,4.9,21.71,241.741,19089.379,0.60404908699661,24191430000.0,18840.75,0,0
2016-11-01,371.85,387.79,360.62,377.66,336.34,5.6,4.7,21.71,242.026,19089.379,0.60404908699661,24191430000.0,18673.5,0,0
2016-12-01,469.17,371.85,387.79,360.62,420.96,5.8,4.7,21.76,242.637,19089.379,0.60404908699661,24191430000.0,18506.25,0,0
2017-01-01,340.07,469.17,371.85,387.79,303.86,5.8,4.7,21.82,243.618,19280.084,1.0123540331558,24979190000.0,18339.0,0,0
2017-02-01,375.94,340.07,469.17,371.85,350.78,5.6,4.6,21.85,244.006,19280.084,1.0123540331558,24979190000.0,18055.0,0,0
2017-03-01,447.55,375.94,340.07,469.17,383.84,5.0,4.4,21.88,243.892,19280.084,1.0123540331558,24979190000.0,17771.0,0,0
2017-04-01,402.91,447.55,375.94,340.07,381.26,5.2,4.4,21.94,244.193,19438.643,1.0123540331558,24979190000.0,17487.0,0,0
2017-05-01,455.37,402.91,447.55,375.94,409.06,5.2,4.4,21.97,244.004,19438.643,1.0123540331558,24979190000.0,17203.0,0,0
2017-06-01,410.01,455.37,402.91,447.55,376.81,5.0,4.3,22.02,244.163,19438.643,1.0123540331558,24979190000.0,16919.0,0,0
2017-07-01,415.93,410.01,455.37,402.91,371.15,5.1,4.3,22.07,244.243,19692.595,1.0123540331558,24979190000.0,16635.0,0,0
2017-08-01,407.79,415.93,410.01,455.37,377.66,5.1,4.4,22.1,245.183,19692.595,1.0123540331558,24979190000.0,16351.0,0,0
2017-09-01,401.78,407.79,415.93,410.01,360.62,5.1,4.3,22.18,246.435,19692.595,1.0123540331558,24979190000.0,16067.0,0,0
2017-10-01,425.12,401.78,407.79,415.93,387.79,5.0,4.2,22.18,246.626,20037.088,1.0123540331558,24979190000.0,15783.0,0,0
2017-11-01,403.56,425.12,401.78,407.79,371.85,4.9,4.2,22.22,247.284,20037.088,1.0123540331558,24979190000.0,15499.0,0,0
2017-12-01,499.35,403.56,425.12,401.78,469.17,5.0,4.1,22.29,247.805,20037.088,1.0123540331558,24979190000.0,15215.0,0,0
2018-01-01,380.09,499.35,403.56,425.12,340.07,4.9,4.0,22.36,248.859,20328.553,1.09033000581892,26020850000.0,14931.0,0,0
2018-02-01,395.0,380.09,499.35,403.56,375.94,4.9,4.1,22.41,249.529,20328.553,1.09033000581892,26020850000.0,15189.916666666666,0,0
2018-03-01,450.81,395.0,380.09,499.35,447.55,4.9,4.0,22.49,249.577,20328.553,1.09033000581892,26020850000.0,15448.833333333334,0,0
2018-04-01,484.82,450.81,395.0,380.09,402.91,4.8,4.0,22.55,250.227,20580.912,1.09033000581892,26020850000.0,15707.75,0,0
2018-05-01,486.34,484.82,450.81,395.0,455.37,4.8,3.8,22.6,250.792,20580.912,1.09033000581892,26020850000.0,15966.666666666666,0,0
2018-06-01,454.47,486.34,484.82,450.81,410.01,4.5,4.0,22.66,251.018,20580.912,1.09033000581892,26020850000.0,16225.583333333334,0,0
2018-07-01,457.4,454.47,486.34,484.82,415.93,4.5,3.8,22.7,251.214,20798.73,1.09033000581892,26020850000.0,16484.5,0,0
2018-08-01,445.42,457.4,454.47,486.34,407.79,4.7,3.8,22.78,251.663,20798.73,1.09033000581892,26020850000.0,16743.416666666668,0,0
2018-09-01,429.31,445.42,457.4,454.47,401.78,4.6,3.7,22.86,252.182,20798.73,1.09033000581892,26020850000.0,17002.333333333332,0,0
2018-10-01,458.92,429.31,445.42,457.4,425.12,4.4,3.8,22.89,252.772,20917.867,1.09033000581892,26020850000.0,17261.25,0,0
2018-11-01,424.94,458.92,429.31,445.42,403.56,4.7,3.8,23.0,252.594,20917.867,1.09033000581892,26020850000.0,17520.166666666668,0,0
2018-12-01,527.18,424.94,458.92,429.31,499.35,4.4,3.9,23.11,252.767,20917.867,1.09033000581892,26020850000.0,17779.083333333332,0,0
2019-01-01,398.32,527.18,424.94,458.92,380.09,4.8,4.0,23.13,252.561,21111.6,0.0753241350024612,26881140000.0,18038.0,0,0
2019-02-01,405.41,398.32,527.18,424.94,395.0,4.2,3.8,23.19,253.319,21111.6,0.0753241350024612,26881140000.0,17548.75,0,0
2019-03-01,492.56,405.41,398.32,527.18,450.81,4.7,3.8,23.29,254.277,21111.6,0.0753241350024612,26881140000.0,17059.5,0,0
2019-04-01,478.62,492.56,405.41,398.32,484.82,4.2,3.7,23.33,255.233,21397.938,0.0753241350024612,26881140000.0,16570.25,0,0
2019-05-01,507.3,478.62,492.56,405.41,486.34,4.2,3.6,23.4,255.296,21397.938,0.0753241350024612,26881140000.0,16081.0,0,0
2019-06-01,462.5,507.3,478.62,492.56,454.47,4.3,3.6,23.48,255.213,21397.938,0.0753241350024612,26881140000.0,15591.75,0,0
2019-07-01,485.7,462.5,507.3,478.62,457.4,4.5,3.7,23.53,255.802,21717.171,0.0753241350024612,26881140000.0,15102.5,0,0
2019-08-01,472.29,485.7,462.5,507.3,445.42,4.1,3.6,23.61,256.036,21717.171,0.0753241350024612,26881140000.0,14613.25,0,0
2019-09-01,459.25,472.29,485.7,462.5,429.31,3.9,3.5,23.68,256.43,21717.171,0.0753241350024612,26881140000.0,14124.0,0,0
2019-10-01,483.82,459.25,472.29,485.7,458.92,4.1,3.6,23.75,257.155,21933.217,0.0753241350024612,26881140000.0,13634.75,0,0
2019-11-01,458.43,483.82,459.25,472.29,424.94,4.3,3.6,23.83,257.879,21933.217,0.0753241350024612,26881140000.0,13145.5,0,0
2019-12-01,551.98,458.43,483.82,459.25,527.18,4.2,3.6,23.85,258.63,21933.217,0.0753241350024612,26881140000.0,12656.25,0,0
2020-01-01,423.76,551.98,458.43,483.82,398.32,4.3,3.6,23.91,259.127,21751.238,-0.371590212324095,24921190000.0,12167.0,1,1
2020-02-01,448.54,423.76,551.98,458.43,405.41,4.4,3.5,24.03,259.25,21751.238,-0.371590212324095,24921190000.0,11385.583333333334,1,1
2020-03-01,435.45,448.54,423.76,551.98,492.56,6.1,4.4,24.12,258.076,21751.238,-0.371590212324095,24921190000.0,10604.166666666666,1,1
2020-04-01,287.32,435.45,448.54,423.76,478.62,18.9,14.8,25.14,256.032,19958.291,-0.371590212324095,24921190000.0,9822.75,1,1
2020-05-01,414.39,287.32,435.45,448.54,507.3,17.6,13.2,24.98,255.802,19958.291,-0.371590212324095,24921190000.0,9041.333333333334,1,1
2020-06-01,508.14,414.39,287.32,435.45,462.5,14.5,11.0,24.78,257.042,19958.291,-0.371590212324095,24921190000.0,8259.916666666668,1,1
2020-07-01,553.14,508.14,414.39,287.32,485.7,12.8,10.2,24.69,258.352,21704.437,-0.371590212324095,24921190000.0,7478.5,1,1
2020-08-01,559.3,553.14,508.14,414.39,472.29,10.4,8.4,24.8,259.316,21704.437,-0.371590212324095,24921190000.0,6697.083333333334,1,1
2020-09-01,553.44,559.3,553.14,508.14,459.25,10.2,7.8,24.82,259.997,21704.437,-0.371590212324095,24921190000.0,5915.666666666667,1,1
2020-10-01,575.42,553.44,559.3,553.14,483.82,8.8,6.9,24.84,260.319,22087.16,-0.371590212324095,24921190000.0,5134.25,1,1
2020-11-01,519.42,575.42,553.44,559.3,458.43,8.5,6.7,24.94,260.911,22087.16,-0.371590212324095,24921190000.0,4352.833333333334,1,1
2020-12-01,651.61,519.42,575.42,553.44,551.98,9.3,6.7,25.16,262.045,22087.16,-0.371590212324095,24921190000.0,3571.416666666668,1,1
2021-01-01,522.28,651.61,519.42,575.42,423.76,8.5,6.4,25.16,262.687,22680.693,3.46692585313082,29043140000.0,2790.0,0,1
2021-02-01,510.2,522.28,651.61,519.42,448.54,8.5,6.2,25.25,263.579,22680.693,3.46692585313082,29043140000.0,3167.9166666666665,0,1
2021-03-01,688.2,510.2,522.28,651.61,435.45,8.0,6.1,25.33,264.961,22680.693,3.46692585313082,29043140000.0,3545.8333333333335,0,1
2021-04-01,647.95,688.2,510.2,522.28,287.32,7.9,6.1,25.52,266.614,23425.91,3.46692585313082,29043140000.0,3923.75,0,1
2021-05-01,688.68,647.95,688.2,510.2,414.39,7.3,5.8,25.68,268.383,23425.91,3.46692585313082,29043140000.0,4301.666666666667,0,1
2021-06-01,627.11,688.68,647.95,688.2,508.14,7.3,5.9,25.82,270.654,23425.91,3.46692585313082,29043140000.0,4679.583333333334,0,1
2021-07-01,632.73,627.11,688.68,647.95,553.14,6.4,5.4,25.97,271.903,23982.379,3.46692585313082,29043140000.0,5057.5,0,1
2021-08-01,621.45,632.73,627.11,688.68,559.3,6.0,5.1,26.12,272.676,23982.379,3.46692585313082,29043140000.0,5435.416666666667,0,1
2021-09-01,600.94,621.45,632.73,627.11,553.44,6.2,4.7,26.3,273.91,23982.379,3.46692585313082,29043140000.0,5813.333333333334,0,1
2021-10-01,652.74,600.94,621.45,632.73,575.42,5.6,4.5,26.45,276.55,24813.6,3.46692585313082,29043140000.0,6191.25,0,1
2021-11-01,632.26,652.74,600.94,621.45,519.42,5.0,4.1,26.56,278.919,24813.6,3.46692585313082,29043140000.0,6569.166666666667,0,1
2021-12-01,760.7,632.26,652.74,600.94,651.61,4.7,3.9,26.76,280.845,24813.6,3.46692585313082,29043140000.0,6947.083333333334,0,1
2022-01-01,560.28,760.7,632.26,652.74,522.28,4.7,4.0,26.91,282.543,25250.347,7.19861615609867,31870110000.0,7325.0,0,1
2022-02-01,579.88,560.28,760.7,632.26,510.2,4.4,3.9,26.97,284.5,25250.347,7.19861615609867,31870110000.0,7325.0,0,1
2022-03-01,685.06,579.88,560.28,760.7,688.2,4.2,3.7,27.1,287.674,25250.347,7.19861615609867,31870110000.0,7325.0,0,1
2022-04-01,648.65,685.06,579.88,560.28,647.95,4.2,3.7,27.28,288.561,25861.292,7.19861615609867,31870110000.0,7325.0,0,1
2022-05-01,706.86,648.65,685.06,579.88,688.68,4.4,3.6,27.4,291.298,25861.292,7.19861615609867,31870110000.0,7325.0,0,1
2022-06-01,637.89,706.86,648.65,685.06,627.11,4.4,3.6,27.52,294.957,25861.292,7.19861615609867,31870110000.0,7325.0,0,1
2022-07-01,642.42,637.89,706.86,648.65,632.73,4.0,3.5,27.66,294.913,26336.304,7.19861615609867,31870110000.0,7325.0,0,1
2022-08-01,654.93,642.42,637.89,706.86,621.45,4.4,3.6,27.75,295.097,26336.304,7.19861615609867,31870110000.0,7325.0,0,1
2022-09-01,628.12,654.93,642.42,637.89,600.94,3.9,3.5,27.87,296.349,26336.304,7.19861615609867,31870110000.0,7325.0,0,1
2022-10-01,674.06,628.12,654.93,642.42,652.74,4.2,3.6,27.99,298.007,26770.514,7.19861615609867,31870110000.0,7325.0,0,1
2022-11-01,631.94,674.06,628.12,654.93,632.26,4.0,3.6,28.11,298.786,26770.514,7.19861615609867,31870110000.0,7325.0,0,1
2022-12-01,769.48,631.94,674.06,628.12,760.7,4.2,3.5,28.22,298.832,26770.514,7.19861615609867,31870110000.0,7325.0,0,1
2023-01-01,602.18,769.48,631.94,674.06,560.28,4.6,3.5,28.31,300.42,27216.445,4.04554694222477,33565430000.0,,0,0
2023-02-01,612.81,602.18,769.48,631.94,579.88,5.5,3.6,28.42,301.45,27216.445,4.04554694222477,33565430000.0,,0,0
2023-03-01,721.87,612.81,602.18,769.48,685.06,4.7,3.5,28.56,301.821,27216.445,4.04554694222477,33565430000.0,,0,0
2023-04-01,672.62,721.87,612.81,602.18,648.65,4.4,3.4,28.7,302.845,27530.055,4.04554694222477,33565430000.0,,0,0
2023-05-01,761.38,672.62,721.87,612.81,706.86,4.1,3.6,28.78,303.334,27530.055,4.04554694222477,33565430000.0,,0,0
2023-06-01,695.2,761.38,672.62,721.87,637.89,4.3,3.6,28.89,304.014,27530.055,4.04554694222477,33565430000.0,,0,0
2023-07-01,699.49,695.2,761.38,672.62,642.42,4.4,3.5,29.01,304.609,28074.846,4.04554694222477,33565430000.0,,0,0
2023-08-01,682.77,699.49,695.2,761.38,654.93,4.8,3.7,29.06,306.082,28074.846,4.04554694222477,33565430000.0,,0,0
2023-09-01,674.13,682.77,699.49,695.2,628.12,4.6,3.7,29.18,307.276,28074.846,4.04554694222477,33565430000.0,,0,0
2023-10-01,694.48,674.13,682.77,699.49,674.06,4.8,3.9,29.26,307.696,28424.722,4.04554694222477,33565430000.0,,0,0
2023-11-01,657.78,694.48,674.13,682.77,631.94,4.5,3.7,29.37,308.148,28424.722,4.04554694222477,33565430000.0,,0,0
2023-12-01,800.71,657.78,694.48,674.13,769.48,5.0,3.8,29.47,308.741,28424.722,4.04554694222477,33565430000.0,,0,0
2024-01-01,599.85,800.71,657.78,694.48,602.18,5.0,3.7,29.61,309.698,28708.161,0.853782292567288,34879730000.0,,0,0
2024-02-01,631.47,599.85,800.71,657.78,612.81,5.1,3.9,29.66,310.967,28708.161,0.853782292567288,34879730000.0,,0,0
2024-03-01,688.39,631.47,599.85,800.71,721.87,4.5,3.9,29.78,312.345,28708.161,0.853782292567288,34879730000.0,,0,0
2024-04-01,749.42,688.39,631.47,599.85,672.62,4.8,3.9,29.85,313.023,29147.044,0.853782292567288,34879730000.0,,0,0
2024-05-01,763.76,749.42,688.39,631.47,761.38,5.0,3.9,29.97,313.175,29147.044,0.853782292567288,34879730000.0,,0,0
2024-06-01,669.14,763.76,749.42,688.39,695.2,5.0,4.1,30.07,313.044,29147.044,0.853782292567288,34879730000.0,,0,0
2024-07-01,714.0,669.14,763.76,749.42,699.49,5.3,4.2,30.16,313.569,29511.664,0.853782292567288,34879730000.0,,0,0
2024-08-01,709.06,714.0,669.14,763.76,682.77,5.4,4.2,30.27,314.062,29511.664,0.853782292567288,34879730000.0,,0,0
2024-09-01,683.14,709.06,714.0,669.14,674.13,5.1,4.1,30.39,314.732,29511.664,0.853782292567288,34879730000.0,,0,0
2024-10-01,732.41,683.14,709.06,714.0,694.48,5.1,4.1,30.48,315.631,29825.182,0.853782292567288,34879730000.0,,0,0
2024-11-01,706.33,732.41,683.14,709.06,657.78,5.3,4.2,30.56,316.528,29825.182,0.853782292567288,34879730000.0,,0,0
2024-12-01,832.73,706.33,732.41,683.14,800.71,5.1,4.1,30.66,317.604,29825.182,0.853782292567288,34879730000.0,,0,0
2025-01-01,676.29,832.73,706.33,732.41,599.85,4.8,4.0,30.79,318.961,30042.113,0.257570528307203,36708110000.0,,0,0
2025-02-01,730.35,676.29,832.73,706.33,631.47,5.2,4.2,30.89,319.679,30042.113,0.257570528307203,36708110000.0,,0,0
2025-03-01,863.05,730.35,676.29,832.73,688.39,5.1,4.2,31.02,319.785,30042.113,0.257570528307203,36708110000.0,,0,0
2025-04-01,807.24,863.05,730.35,676.29,749.42,5.2,4.2,31.09,320.302,30485.729,0.257570528307203,36708110000.0,,0,0
2025-05-01,899.08,807.24,863.05,730.35,763.76,5.1,4.3,31.2,320.62,30485.729,0.257570528307203,36708110000.0,,0,0
2025-06-01,865.38,899.08,807.24,863.05,669.14,4.8,4.1,31.31,321.435,30485.729,0.257570528307203,36708110000.0,,0,0
2025-07-01,872.89,865.38,899.08,807.24,714.0,5.0,4.3,31.39,322.169,31098.027,0.257570528307203,36708110000.0,,0,0
2025-08-01,824.96,872.89,865.38,899.08,709.06,5.3,4.3,31.49,323.291,31098.027,0.257570528307203,36708110000.0,,0,0
2025-09-01,819.74,824.96,872.89,865.38,683.14,5.5,4.4,31.56,324.245,31098.027,0.257570528307203,36708110000.0,,0,0
2025-10-01,852.99,819.74,824.96,872.89,732.41,5.5,4.4,31.7,324.245,31422.526,0.257570528307203,36708110000.0,,0,0
2025-11-01,814.82,852.99,819.74,824.96,706.33,5.0,4.5,31.79,325.063,31422.526,0.257570528307203,36708110000.0,,0,0
2025-12-01,961.12,814.82,852.99,819.74,832.73,4.9,4.4,31.83,326.031,31422.526,0.257570528307203,36708110000.0,,0,0
